-- Inserción de datos en las tablas:--

-- TABLA SELECCIONES --
-- 1 -- 
INSERT INTO Seleccion (Pais, Continente, Confederacion, Promedio_Edad, Valor, Cantidad_Jugadores, Puntos)
VALUES('Argentina', 'Sudamérica', 'CONMEBOL', '27.6', '647000000', '27', '1841'
)
;

-- 2 -- 
INSERT INTO Seleccion (Pais, Continente, Confederacion, Promedio_Edad, Valor, Cantidad_Jugadores, Puntos)
VALUES('Francia', 'Europa', 'UEFA', '26.4', '1150000000', '23', '1838'
)
;

-- 3 -- 
INSERT INTO Seleccion (Pais, Continente, Confederacion, Promedio_Edad, Valor, Cantidad_Jugadores, Puntos)
VALUES('Brasil', 'Sudamérica', 'CONMEBOL', '26.8', '910000000', '23', '1834'
)
;

-- 4 -- 
INSERT INTO Seleccion (Pais, Continente, Confederacion, Promedio_Edad, Valor, Cantidad_Jugadores, Puntos)
VALUES('Bélgica', 'Europa', 'UEFA', '26.5', '367000000', '24', '1793'
)
;

-- 5 -- 
INSERT INTO Seleccion (Pais, Continente, Confederacion, Promedio_Edad, Valor, Cantidad_Jugadores, Puntos)
VALUES('Inglaterra', 'Europa', 'UEFA', '27.2', '1180000000', '26', '1792'
)
;

-- 6 -- 
INSERT INTO Seleccion (Pais, Continente, Confederacion, Promedio_Edad, Valor, Cantidad_Jugadores, Puntos)
VALUES('Holanda', 'Europa', 'UEFA', '26.6', '569000000', '23', '1731'
)
;

-- 7 -- 
INSERT INTO Seleccion (Pais, Continente, Confederacion, Promedio_Edad, Valor, Cantidad_Jugadores, Puntos)
VALUES('Croacia', 'Europa', 'UEFA', '27.9', '266000000', '22', '1730'
)
;

-- 8 -- 
INSERT INTO Seleccion (Pais, Continente, Confederacion, Promedio_Edad, Valor, Cantidad_Jugadores, Puntos)
VALUES('Italia', 'Europa', 'UEFA', '27.9', '570000000', '23', '1714'
)
;

-- 9 -- 
INSERT INTO Seleccion (Pais, Continente, Confederacion, Promedio_Edad, Valor, Cantidad_Jugadores, Puntos)
VALUES('Portugal', 'Europa', 'UEFA', '27.7', '970000000', '26', '1707'
)
;

-- 10 -- 
INSERT INTO Seleccion (Pais, Continente, Confederacion, Promedio_Edad, Valor, Cantidad_Jugadores, Puntos)
VALUES('España', 'Europa', 'UEFA', '28.1', '656000000', '23', '1683'
)
;

-- 11 -- 
INSERT INTO Seleccion (Pais, Continente, Confederacion, Promedio_Edad, Valor, Cantidad_Jugadores, Puntos)
VALUES('Marruecos', 'África', 'CAF', '27.5', '303000000', '28', '1678'
)
;

-- 12 -- 
INSERT INTO Seleccion (Pais, Continente, Confederacion, Promedio_Edad, Valor, Cantidad_Jugadores, Puntos)
VALUES('Suiza', 'Europa', 'UEFA', '28.0', '243000000', '25', '1664'
)
;

-- 13 -- 
INSERT INTO Seleccion (Pais, Continente, Confederacion, Promedio_Edad, Valor, Cantidad_Jugadores, Puntos)
VALUES('Estados Unidos', 'Norteamérica', 'CONCACAF', '25.2', '92000000', '23', '1654'
)
;

-- 14 -- 
INSERT INTO Seleccion (Pais, Continente, Confederacion, Promedio_Edad, Valor, Cantidad_Jugadores, Puntos)
VALUES('Alemania', 'Europa', 'UEFA', '27.6', '817000000', '23', '1647'
)
;

-- 15 -- 
INSERT INTO Seleccion (Pais, Continente, Confederacion, Promedio_Edad, Valor, Cantidad_Jugadores, Puntos)
VALUES('México', 'Centroamérica', 'CONCACAF', '26.2', '157000000', '24', '1632'
)
;

-- 16 -- 
INSERT INTO Seleccion (Pais, Continente, Confederacion, Promedio_Edad, Valor, Cantidad_Jugadores, Puntos)
VALUES('Uruguay', 'Sudamérica', 'CONMEBOL', '23.6', '108000000', '31', '1631'
)
;

-- 17 -- 
INSERT INTO Seleccion (Pais, Continente, Confederacion, Promedio_Edad, Valor, Cantidad_Jugadores, Puntos)
VALUES('Colombia', 'Sudamérica', 'CONMEBOL', '26.4', '228000000', '24', '1617'
)
;

-- 18 -- 
INSERT INTO Seleccion (Pais, Continente, Confederacion, Promedio_Edad, Valor, Cantidad_Jugadores, Puntos)
VALUES('Senegal', 'África', 'CAF', '27.4', '271000000', '26', '1613'
)
;

-- 19 -- 
INSERT INTO Seleccion (Pais, Continente, Confederacion, Promedio_Edad, Valor, Cantidad_Jugadores, Puntos)
VALUES('Dinamarca', 'Europa', 'UEFA', '27.0', '388000000', '25', '1595'
)
;

-- 20 -- 
INSERT INTO Seleccion (Pais, Continente, Confederacion, Promedio_Edad, Valor, Cantidad_Jugadores, Puntos)
VALUES('Japón', 'Asia', 'AFC', '26.3', '199000000', '26', '1589'
)
;

-- 21 -- 
INSERT INTO Seleccion (Pais, Continente, Confederacion, Promedio_Edad, Valor, Cantidad_Jugadores, Puntos)
VALUES('Polonia', 'Europa', 'UEFA', '26.7', '214000000', '24', '1554'
)
;

-- 22 -- 
INSERT INTO Seleccion (Pais, Continente, Confederacion, Promedio_Edad, Valor, Cantidad_Jugadores, Puntos)
VALUES('Corea del Sur', 'Asia', 'AFC', '27.8', '133000000', '25', '1536'
)
;

-- 23 -- 
INSERT INTO Seleccion (Pais, Continente, Confederacion, Promedio_Edad, Valor, Cantidad_Jugadores, Puntos)
VALUES('Chile', 'Sudamérica', 'CONMEBOL', '27.0', '87000000', '31', '1511'
)
;

-- 24 -- 
INSERT INTO Seleccion (Pais, Continente, Confederacion, Promedio_Edad, Valor, Cantidad_Jugadores, Puntos)
VALUES('Nigeria', 'África', 'CAF', '26.2', '347000000', '23', '1481'
)
;

-- 25 -- 
INSERT INTO Seleccion (Pais, Continente, Confederacion, Promedio_Edad, Valor, Cantidad_Jugadores, Puntos)
VALUES('Noruega', 'Europa', 'UEFA', '26.5', '395000000', '25', '1464'
)
;

-- TABLA ENTRENADOR --
-- 1 -- 
INSERT INTO Entrenador (Nombre_Entrenador, Apellido_Entrenador, Nacionalidad_Entrenador, id_Club)
VALUES('Jorge', 'Almirón', 'Argentino', '1'
)
;

-- 2 --
INSERT INTO Entrenador (Nombre_Entrenador, Apellido_Entrenador, Nacionalidad_Entrenador, id_Club)
VALUES('Martín', 'Demichelis', 'Argentino', '2'
)
;

-- 3 --
INSERT INTO Entrenador (Nombre_Entrenador, Apellido_Entrenador, Nacionalidad_Entrenador, id_Club)
VALUES('Ricardo', 'Zielinski', 'Argentino', '3'
)
;

-- 4 -- 
INSERT INTO Entrenador (Nombre_Entrenador, Apellido_Entrenador, Nacionalidad_Entrenador, id_Club)
VALUES('Fernando', 'Gago', 'Argentino', '4'
)
;

-- 5 --
INSERT INTO Entrenador (Nombre_Entrenador, Apellido_Entrenador, Nacionalidad_Entrenador, id_Club)
VALUES('Rubén', 'Insúa', 'Argentino', '5'
)
;

-- 6 --
INSERT INTO Entrenador (Nombre_Entrenador, Apellido_Entrenador, Nacionalidad_Entrenador, id_Club)
VALUES('Xavi', 'Hernández', 'Español', '6'
)
;

-- 7 --
INSERT INTO Entrenador (Nombre_Entrenador, Apellido_Entrenador, Nacionalidad_Entrenador, id_Club)
VALUES('Carlo', 'Ancelotti', 'Italiano', '7'
)
;

-- 8 --
INSERT INTO Entrenador (Nombre_Entrenador, Apellido_Entrenador, Nacionalidad_Entrenador, id_Club)
VALUES('Massimiliano', 'Allegri', 'Italiano', '8'
)
;

-- 9 --
INSERT INTO Entrenador (Nombre_Entrenador, Apellido_Entrenador, Nacionalidad_Entrenador, id_Club)
VALUES('Jorge', 'Sampaoli', 'Argentino', '9'
)
;

-- 10 --
INSERT INTO Entrenador (Nombre_Entrenador, Apellido_Entrenador, Nacionalidad_Entrenador, id_Club)
VALUES('Pep', 'Guardiola', 'Español', '10'
)
;

-- 11 --
INSERT INTO Entrenador (Nombre_Entrenador, Apellido_Entrenador, Nacionalidad_Entrenador, id_Club)
VALUES('Christophe', 'Galtier', 'Francés', '11'
)
;

-- 12 --
INSERT INTO Entrenador (Nombre_Entrenador, Apellido_Entrenador, Nacionalidad_Entrenador, id_Club)
VALUES('Thomas', 'Tuchel', 'Alemán', '12'
)
;

-- 13 --
INSERT INTO Entrenador (Nombre_Entrenador, Apellido_Entrenador, Nacionalidad_Entrenador, id_Club)
VALUES('Dinko', 'Jelicic', 'Croata', '13'
)
;

-- 14 --
INSERT INTO Entrenador (Nombre_Entrenador, Apellido_Entrenador, Nacionalidad_Entrenador, id_Club)
VALUES('Erik', 'Ten Hag', 'Holandés', '14'
)
;

-- 15 --
INSERT INTO Entrenador (Nombre_Entrenador, Apellido_Entrenador, Nacionalidad_Entrenador, id_Club)
VALUES('José', 'Mourinho', 'Portugués', '15'
)
;

-- 16 --
INSERT INTO Entrenador (Nombre_Entrenador, Apellido_Entrenador, Nacionalidad_Entrenador, id_Club)
VALUES('Luciano', 'Spalletti', 'Italiano', '16'
)
;

-- 17 --
INSERT INTO Entrenador (Nombre_Entrenador, Apellido_Entrenador, Nacionalidad_Entrenador, id_Club)
VALUES('Roger', 'Schmidt', 'Alemán', '17'
)
;

-- 18 --
INSERT INTO Entrenador (Nombre_Entrenador, Apellido_Entrenador, Nacionalidad_Entrenador, id_Club)
VALUES('Ryan', 'Mason', 'Inglés', '18'
)
;

-- 19 --
INSERT INTO Entrenador (Nombre_Entrenador, Apellido_Entrenador, Nacionalidad_Entrenador, id_Club)
VALUES('Mikel', 'Arteta', 'Español', '19'
)
;

-- 20 --
INSERT INTO Entrenador (Nombre_Entrenador, Apellido_Entrenador, Nacionalidad_Entrenador, id_Club)
VALUES('Jürgen', 'Klopp', 'Alemán', '20'
)
;

-- 21 -- 
INSERT INTO Entrenador (Nombre_Entrenador, Apellido_Entrenador, Nacionalidad_Entrenador, id_Club)
VALUES('Eduardo', 'Domínguez', 'Argentino', '21'
)
;

-- 22 -- 
INSERT INTO Entrenador (Nombre_Entrenador, Apellido_Entrenador, Nacionalidad_Entrenador, id_Club)
VALUES('Gabriel', 'Milito', 'Argentino', '22'
)
;

-- 23 -- 
INSERT INTO Entrenador (Nombre_Entrenador, Apellido_Entrenador, Nacionalidad_Entrenador, id_Club)
VALUES('Sebastián', 'Romero', 'Argentino', '23'
)
;

-- 24 -- 
INSERT INTO Entrenador (Nombre_Entrenador, Apellido_Entrenador, Nacionalidad_Entrenador, id_Club)
VALUES('Rodolfo', 'De Paoli', 'Argentino', '24'
)
;

-- 25 -- 
INSERT INTO Entrenador (Nombre_Entrenador, Apellido_Entrenador, Nacionalidad_Entrenador, id_Club)
VALUES('Frederic', 'De Boever', 'Belga', '25'
)
;

-- 26 -- 
INSERT INTO Entrenador (Nombre_Entrenador, Apellido_Entrenador, Nacionalidad_Entrenador, id_Club)
VALUES('Gustavo', 'Quinteros', 'Boliviano', '26'
)
;

-- 27 -- 
INSERT INTO Entrenador (Nombre_Entrenador, Apellido_Entrenador, Nacionalidad_Entrenador, id_Club)
VALUES('Damián', 'Macaluso', 'Uruguayo', '27'
)
;

-- 28 -- 
INSERT INTO Entrenador (Nombre_Entrenador, Apellido_Entrenador, Nacionalidad_Entrenador, id_Club)
VALUES('Ange', 'Postecoglou', 'Australiano', '28'
)
;

-- TABLA ESTADIO --
-- 1 -- 
INSERT INTO Estadio (Nombre_Estadio, Capacidad, id_Club)
VALUES('La Bombonera', '57200', '1'
)
;

-- 2 --
INSERT INTO Estadio (Nombre_Estadio, Capacidad, id_Club)
VALUES('Más Monumental', '83196', '2'
)
;

-- 3 --
INSERT INTO Estadio (Nombre_Estadio, Capacidad, id_Club)
VALUES('Libertadores de América', '42069', '3'
)
;

-- 4 -- 
INSERT INTO Estadio (Nombre_Estadio, Capacidad, id_Club)
VALUES('Cilindro de Avellaneda', '51389', '4'
)
;

-- 5 --
INSERT INTO Estadio (Nombre_Estadio, Capacidad, id_Club)
VALUES('Nuevo Gasómetro', '47964', '5'
)
;

-- 6 --
INSERT INTO Estadio (Nombre_Estadio, Capacidad, id_Club)
VALUES('Camp Nou', '99354', '6'
)
;

-- 7 --
INSERT INTO Estadio (Nombre_Estadio, Capacidad, id_Club)
VALUES('Santiago Bernabéu', '81044', '7'
)
;

-- 8 --
INSERT INTO Estadio (Nombre_Estadio, Capacidad, id_Club)
VALUES('Allianz Stadium', '41507', '8'
)
;

-- 9 --
INSERT INTO Estadio (Nombre_Estadio, Capacidad, id_Club)
VALUES('Jornalista Mário Filho', '78838', '9'
)
;

-- 10 --
INSERT INTO Estadio (Nombre_Estadio, Capacidad, id_Club)
VALUES('Etihad Stadium', '55017', '10'
)
;

-- 11 --
INSERT INTO Estadio (Nombre_Estadio, Capacidad, id_Club)
VALUES('Parc des Princes', '49691', '11'
)
;

-- 12 --
INSERT INTO Estadio (Nombre_Estadio, Capacidad, id_Club)
VALUES('Allianz Arena', '75024', '12'
)
;

-- 13 --
INSERT INTO Estadio (Nombre_Estadio, Capacidad, id_Club)
VALUES('Al-Awwal Park', '25000', '13'
)
;

-- 14 --
INSERT INTO Estadio (Nombre_Estadio, Capacidad, id_Club)
VALUES('Old Trafford', '74879', '14'
)
;

-- 15 --
INSERT INTO Estadio (Nombre_Estadio, Capacidad, id_Club)
VALUES('Olimpico de Roma', '73261', '15'
)
;

-- 16 --
INSERT INTO Estadio (Nombre_Estadio, Capacidad, id_Club)
VALUES('Stadio Diego Armando Maradona', '54726', '16'
)
;

-- 17 --
INSERT INTO Estadio (Nombre_Estadio, Capacidad, id_Club)
VALUES('Estádio da Luz', '65000', '17'
)
;

-- 18 --
INSERT INTO Estadio (Nombre_Estadio, Capacidad, id_Club)
VALUES('Tottenham Hotspur Stadium', '62062', '18'
)
;

-- 19 --
INSERT INTO Estadio (Nombre_Estadio, Capacidad, id_Club)
VALUES('Emirates Stadium', '60704', '19'
)
;

-- 20 --
INSERT INTO Estadio (Nombre_Estadio, Capacidad, id_Club)
VALUES('Anfield', '54074', '20'
)
;

-- 21 -- 
INSERT INTO Estadio (Nombre_Estadio, Capacidad, id_Club)
VALUES('Estadio UNO Jorge Luis Hirschi', '32530', '21'
)
;

-- 22 -- 
INSERT INTO Estadio (Nombre_Estadio, Capacidad, id_Club)
VALUES('Estadio Diego Armando Maradona', '26000', '22'
)
;

-- 23 -- 
INSERT INTO Estadio (Nombre_Estadio, Capacidad, id_Club)
VALUES('Juan Carmelo Zerillo', '21500', '23'
)
;

-- 24 -- 
INSERT INTO Estadio (Nombre_Estadio, Capacidad, id_Club)
VALUES('Presbítero Bartolomé Grella', '22000', '24'
)
;

-- 25 -- 
INSERT INTO Estadio (Nombre_Estadio, Capacidad, id_Club)
VALUES('Stade Louis-II', '18523', '25'
)
;

-- 26 -- 
INSERT INTO Estadio (Nombre_Estadio, Capacidad, id_Club)
VALUES('Monumental David Arellano', '47347', '26'
)
;

-- 27 -- 
INSERT INTO Estadio (Nombre_Estadio, Capacidad, id_Club)
VALUES('Campeón del Siglo', '40700', '27'
)
;

-- 28 -- 
INSERT INTO Estadio (Nombre_Estadio, Capacidad, id_Club)
VALUES('Celtic Park', '60832', '28'
)
;

-- TABLA TORNEOS NACIONALES --
-- 1 -- 
INSERT INTO Torneos_Nacionales (Torneo_Nacional, Pais_Torneo)
VALUES('Liga Profesional de Fútbol', 'Argentina'
)
;

-- 2 --
INSERT INTO Torneos_Nacionales (Torneo_Nacional, Pais_Torneo)
VALUES('LaLiga Santander', 'España'
)
;

-- 3 --
INSERT INTO Torneos_Nacionales (Torneo_Nacional, Pais_Torneo)
VALUES('Premier League', 'Inglaterra'
)
;

-- 4 -- 
INSERT INTO Torneos_Nacionales (Torneo_Nacional, Pais_Torneo)
VALUES('Serie A', 'Italia'
)
;

-- 5 --
INSERT INTO Torneos_Nacionales (Torneo_Nacional, Pais_Torneo)
VALUES('Bundesliga', 'Alemania'
)
;

-- 6 --
INSERT INTO Torneos_Nacionales (Torneo_Nacional, Pais_Torneo)
VALUES('Ligue 1', 'Francia'
)
;

-- 7 --
INSERT INTO Torneos_Nacionales (Torneo_Nacional, Pais_Torneo)
VALUES('Saudi Pro League', 'Arabia Saudita'
)
;

-- 8 --
INSERT INTO Torneos_Nacionales (Torneo_Nacional, Pais_Torneo)
VALUES('Brasileirao', 'Brasil'
)
;

-- 9 --
INSERT INTO Torneos_Nacionales (Torneo_Nacional, Pais_Torneo)
VALUES('Primeira Liga', 'Portugal'
)
;

-- 10 --
INSERT INTO Torneos_Nacionales (Torneo_Nacional, Pais_Torneo)
VALUES('Eredivisie', 'Holanda'
)
;

-- 11 --
INSERT INTO Torneos_Nacionales (Torneo_Nacional, Pais_Torneo)
VALUES('Campeonato Uruguayo', 'Uruguay'
)
;

-- 12 --
INSERT INTO Torneos_Nacionales (Torneo_Nacional, Pais_Torneo)
VALUES('División de Honor', 'Paraguay'
)
;

-- 13 --
INSERT INTO Torneos_Nacionales (Torneo_Nacional, Pais_Torneo)
VALUES('Primera División', 'Chile'
)
;

-- 14 --
INSERT INTO Torneos_Nacionales (Torneo_Nacional, Pais_Torneo)
VALUES('Categoría Primera A', 'Colombia'
)
;

-- 15 --
INSERT INTO Torneos_Nacionales (Torneo_Nacional, Pais_Torneo)
VALUES('Liga MX', 'México'
)
;

-- 16 --
INSERT INTO Torneos_Nacionales (Torneo_Nacional, Pais_Torneo)
VALUES('MLS', 'Estados Unidos'
)
;

-- 17 --
INSERT INTO Torneos_Nacionales (Torneo_Nacional, Pais_Torneo)
VALUES('Belgian Pro League', 'Bélgica'
)
;

-- 18 --
INSERT INTO Torneos_Nacionales (Torneo_Nacional, Pais_Torneo)
VALUES('Scottish Premiership', 'Escocia'
)
;

-- 19 --
INSERT INTO Torneos_Nacionales (Torneo_Nacional, Pais_Torneo)
VALUES('J1 League', 'Japón'
)
;

-- 20 --
INSERT INTO Torneos_Nacionales (Torneo_Nacional, Pais_Torneo)
VALUES('Süper Lig', 'Turquía'
)
;

-- TABLA TORNEOS INTERNACIONALES --
-- 1 -- 
INSERT INTO Torneos_Internacionales (Torneo_Internacional, Continente)
VALUES('Copa Libertadores', 'Sudamérica'
)
;

-- 2 --
INSERT INTO Torneos_Internacionales (Torneo_Internacional, Continente)
VALUES('Copa Sudamericana', 'Sudamérica'
)
;

-- 3 --
INSERT INTO Torneos_Internacionales (Torneo_Internacional, Continente)
VALUES('Champions League', 'Europa'
)
;

-- 4 -- 
INSERT INTO Torneos_Internacionales (Torneo_Internacional, Continente)
VALUES('Europa League', 'Europa'
)
;

-- 5 --
INSERT INTO Torneos_Internacionales (Torneo_Internacional, Continente)
VALUES('AFC Champions League', 'Asia'
)
;

-- 6 --
INSERT INTO Torneos_Internacionales (Torneo_Internacional, Continente)
VALUES('Liga de Campeones CONCACAF', 'Centro y Norteamérica'
)
;

-- 7 --
INSERT INTO Torneos_Internacionales (Torneo_Internacional, Continente)
VALUES('Champions League CAF', 'África'
)
;

-- 8 --
INSERT INTO Torneos_Internacionales (Torneo_Internacional, Continente)
VALUES('Champions League OFC', 'Oceanía'
)
;

-- TABLA CLUB --
-- 1 -- 
INSERT INTO Club (Nombre_Club, Abreviatura_Club, Pais_Club, id_Entrenador, id_Estadio, id_Torneo_Nacional, id_Torneo_Internacional)
VALUES('Boca Juniors', 'BOC', 'Argentina', '1', '1', '1', '1'
)
;

-- 2 --
INSERT INTO Club (Nombre_Club, Abreviatura_Club, Pais_Club, id_Entrenador, id_Estadio, id_Torneo_Nacional, id_Torneo_Internacional)
VALUES('River Plate', 'RIV', 'Argentina', '2', '2', '1', '1'
)
;

-- 3 --
INSERT INTO Club (Nombre_Club, Abreviatura_Club, Pais_Club, id_Entrenador, id_Estadio, id_Torneo_Nacional, id_Torneo_Internacional)
VALUES('Racing Club', 'RAC', 'Argentina', '3', '3', '1', '1'
)
;

-- 4 -- 
INSERT INTO Club (Nombre_Club, Abreviatura_Club, Pais_Club, id_Entrenador, id_Estadio, id_Torneo_Nacional, id_Torneo_Internacional)
VALUES('Independiente', 'IND', 'Argentina', '4', '4', '1', '2'
)
;

-- 5 --
INSERT INTO Club (Nombre_Club, Abreviatura_Club, Pais_Club, id_Entrenador, id_Estadio, id_Torneo_Nacional, id_Torneo_Internacional)
VALUES('San Lorenzo', 'SLO', 'Argentina', '5', '5', '1', '2'
)
;

-- 6 --
INSERT INTO Club (Nombre_Club, Abreviatura_Club, Pais_Club, id_Entrenador, id_Estadio, id_Torneo_Nacional, id_Torneo_Internacional)
VALUES('Barcelona', 'BAR', 'España', '6', '6', '2', '4'
)
;

-- 7 --
INSERT INTO Club (Nombre_Club, Abreviatura_Club, Pais_Club, id_Entrenador, id_Estadio, id_Torneo_Nacional, id_Torneo_Internacional)
VALUES('Real Madrid', 'RMA', 'España', '7', '7', '2', '3'
)
;

-- 8 --
INSERT INTO Club (Nombre_Club, Abreviatura_Club, Pais_Club, id_Entrenador, id_Estadio, id_Torneo_Nacional, id_Torneo_Internacional)
VALUES('Juventus', 'JUV', 'Italia', '8', '8', '3', '4'
)
;

-- 9 --
INSERT INTO Club (Nombre_Club, Abreviatura_Club, Pais_Club, id_Entrenador, id_Estadio, id_Torneo_Nacional, id_Torneo_Internacional)
VALUES('Flamengo', 'FLA', 'Brasil', '9', '9', '8', '1'
)
;

-- 10 --
INSERT INTO Club (Nombre_Club, Abreviatura_Club, Pais_Club, id_Entrenador, id_Estadio, id_Torneo_Nacional, id_Torneo_Internacional)
VALUES('Manchester City', 'MCI', 'Inglaterra', '10', '10', '3', '3'
)
;

-- 11 --
INSERT INTO Club (Nombre_Club, Abreviatura_Club, Pais_Club, id_Entrenador, id_Estadio, id_Torneo_Nacional, id_Torneo_Internacional)
VALUES('París Saint-Germain', 'PSG', 'Francia', '11', '11', '6', '3'
)
;

-- 12 --
INSERT INTO Club (Nombre_Club, Abreviatura_Club, Pais_Club, id_Entrenador, id_Estadio, id_Torneo_Nacional, id_Torneo_Internacional)
VALUES('Bayern Munich', 'BAY', 'Alemania', '12', '12', '5', '3'
)
;

-- 13 --
INSERT INTO Club (Nombre_Club, Abreviatura_Club, Pais_Club, id_Entrenador, id_Estadio, id_Torneo_Nacional, id_Torneo_Internacional)
VALUES('Al-Nassr FC', 'NAS', 'Arabia Saudita', '13', '13', '7', '5'
)
;

-- 14 --
INSERT INTO Club (Nombre_Club, Abreviatura_Club, Pais_Club, id_Entrenador, id_Estadio, id_Torneo_Nacional, id_Torneo_Internacional)
VALUES('Manchester United', 'MAN', 'Inglaterra', '14', '14', '3', '4'
)
;

-- 15 --
INSERT INTO Club (Nombre_Club, Abreviatura_Club, Pais_Club, id_Entrenador, id_Estadio, id_Torneo_Nacional, id_Torneo_Internacional)
VALUES('Roma', 'ROM', 'Italia', '15', '15', '4', '4'
)
;

-- 16 --
INSERT INTO Club (Nombre_Club, Abreviatura_Club, Pais_Club, id_Entrenador, id_Estadio, id_Torneo_Nacional, id_Torneo_Internacional)
VALUES('Nápoli', 'NAP', 'Italia', '16', '16', '4', '3'
)
;

-- 17 --
INSERT INTO Club (Nombre_Club, Abreviatura_Club, Pais_Club, id_Entrenador, id_Estadio, id_Torneo_Nacional, id_Torneo_Internacional)
VALUES('SL Benfica', 'BEN', 'Portugal', '17', '17', '9', '3'
)
;

-- 18 --
INSERT INTO Club (Nombre_Club, Abreviatura_Club, Pais_Club, id_Entrenador, id_Estadio, id_Torneo_Nacional, id_Torneo_Internacional)
VALUES('Tottenham', 'TOT', 'Inglaterra', '18', '18', '3', '3'
)
;

-- 19 --
INSERT INTO Club (Nombre_Club, Abreviatura_Club, Pais_Club, id_Entrenador, id_Estadio, id_Torneo_Nacional, id_Torneo_Internacional)
VALUES('Arsenal', 'ARS', 'Inglaterra', '19', '19', '3', '4'
)
;

-- 20 --
INSERT INTO Club (Nombre_Club, Abreviatura_Club, Pais_Club, id_Entrenador, id_Estadio, id_Torneo_Nacional, id_Torneo_Internacional)
VALUES('Liverpool', 'LIV', 'Inglaterra', '20', '20', '3', '3'
)
;

-- TABLA JUGADOR --
-- 1 -- 
INSERT INTO Jugador (Nombre_Jugador, Apellido_Jugador, Nacionalidad_Jugador, Posición_Jugador, Dorsal_Jugador, Altura_Jugador, Valor_Pase, id_Seleccion, id_Club, id_Entrenador, Fecha_Nacimiento )
VALUES('Darío', 'Benedetto', 'Argentino', 'Delantero', '9', '1.75', 2000000, '1', '1', '1', '1990-05-17'
)
;

-- 2 --
INSERT INTO Jugador (Nombre_Jugador, Apellido_Jugador, Nacionalidad_Jugador, Posición_Jugador, Dorsal_Jugador, Altura_Jugador, Valor_Pase, id_Seleccion, id_Club, id_Entrenador, Fecha_Nacimiento )
VALUES('Enzo', 'Pérez', 'Argentino', 'Mediocampista', '24', '1.79', 1500000, '1', '2', '2', '1986-02-22'
)
;

-- 3 --
INSERT INTO Jugador (Nombre_Jugador, Apellido_Jugador, Nacionalidad_Jugador, Posición_Jugador, Dorsal_Jugador, Altura_Jugador, Valor_Pase, id_Seleccion, id_Club, id_Entrenador, Fecha_Nacimiento )
VALUES('Martín', 'Cauteruccio', 'Uruguayo', 'Delantero', '9',  '1.79', 4000000 , '16', '3', '3', '1987-04-14'
)
;

-- 4 -- 
INSERT INTO Jugador (Nombre_Jugador, Apellido_Jugador, Nacionalidad_Jugador, Posición_Jugador, Dorsal_Jugador,  Altura_Jugador, Valor_Pase, id_Seleccion, id_Club, id_Entrenador, Fecha_Nacimiento )
VALUES('Gabriel', 'Arias', 'Chileno', 'Arquero', '21', '1.89', 2800000 , '23', '4', '4', '1987-09-13'
)
;

-- 5 --
INSERT INTO Jugador (Nombre_Jugador, Apellido_Jugador, Nacionalidad_Jugador, Posición_Jugador, Dorsal_Jugador, Altura_Jugador, Valor_Pase, id_Seleccion, id_Club, id_Entrenador, Fecha_Nacimiento )
VALUES('Federico', 'Gattoni', 'Argentino', 'Defensor', '6', '1.83', 4500000 , '1', '5', '5', '1999-02-16'
)
;

-- 6 --
INSERT INTO Jugador (Nombre_Jugador, Apellido_Jugador, Nacionalidad_Jugador, Posición_Jugador, Dorsal_Jugador, Altura_Jugador, Valor_Pase, id_Seleccion, id_Club, id_Entrenador, Fecha_Nacimiento )
VALUES('Robert', 'Lewandowski', 'Polaco', 'Delantero', '9', '1.85', 40000000 , '21', '6', '6', '1988-08-21'
)
;

-- 7 --
INSERT INTO Jugador (Nombre_Jugador, Apellido_Jugador, Nacionalidad_Jugador, Posición_Jugador, Dorsal_Jugador, Altura_Jugador, Valor_Pase, id_Seleccion, id_Club, id_Entrenador, Fecha_Nacimiento )
VALUES('Luka', 'Modric', 'Croata', 'Mediocampista', '10', '1.72', 10000000 , '7', '7', '7', '1985-09-09'
)
;

-- 8 --
INSERT INTO Jugador (Nombre_Jugador, Apellido_Jugador, Nacionalidad_Jugador, Posición_Jugador, Dorsal_Jugador,  Altura_Jugador, Valor_Pase, id_Seleccion, id_Club, id_Entrenador, Fecha_Nacimiento )
VALUES('Leandro', 'Paredes', 'Argentino', 'Mediocampista', '32', '1.80', 12000000 , '1', '8', '8', '1994-06-29'
)
;

-- 9 --
INSERT INTO Jugador (Nombre_Jugador, Apellido_Jugador, Nacionalidad_Jugador, Posición_Jugador, Dorsal_Jugador,  Altura_Jugador, Valor_Pase, id_Seleccion, id_Club, id_Entrenador, Fecha_Nacimiento )
VALUES('David', 'Luiz', 'Brasilero', 'Defensor', '23', '1.89', 600000 , '3', '9', '9', '1987-04-22'
)
;

-- 10 --
INSERT INTO Jugador (Nombre_Jugador, Apellido_Jugador, Nacionalidad_Jugador, Posición_Jugador, Dorsal_Jugador,  Altura_Jugador, Valor_Pase, id_Seleccion, id_Club, id_Entrenador, Fecha_Nacimiento )
VALUES('Julián', 'Álvarez', 'Argentino', 'Delantero', '19', '1.70', 50000000 , '1', '10', '10', '2000-01-31'
)
;

-- 11 --
INSERT INTO Jugador (Nombre_Jugador, Apellido_Jugador, Nacionalidad_Jugador, Posición_Jugador, Dorsal_Jugador,  Altura_Jugador, Valor_Pase, id_Seleccion, id_Club, id_Entrenador, Fecha_Nacimiento )
VALUES('Lionel', 'Messi', 'Argentino', 'Delantero', '30', '1.70', 45000000 , '1', '11', '11', '1987-06-24'
)
;

-- 12 --
INSERT INTO Jugador (Nombre_Jugador, Apellido_Jugador, Nacionalidad_Jugador, Posición_Jugador, Dorsal_Jugador, Altura_Jugador, Valor_Pase, id_Seleccion, id_Club, id_Entrenador, Fecha_Nacimiento )
VALUES('Manuel', 'Neuer', 'Alemán', 'Arquero', '1', '1.93', 7000000 , '14', '12', '12', '1986-03-27'
)
;

-- 13 --
INSERT INTO Jugador (Nombre_Jugador, Apellido_Jugador, Nacionalidad_Jugador, Posición_Jugador, Dorsal_Jugador,  Altura_Jugador, Valor_Pase, id_Seleccion, id_Club, id_Entrenador, Fecha_Nacimiento )
VALUES('Cristiano', 'Ronaldo', 'Portugués', 'Delantero', '7', '1.87', 20000000, '9', '13', '13', '1985-02-05'
)
;

-- 14 --
INSERT INTO Jugador (Nombre_Jugador, Apellido_Jugador, Nacionalidad_Jugador, Posición_Jugador, Dorsal_Jugador, Altura_Jugador, Valor_Pase, id_Seleccion, id_Club, id_Entrenador, Fecha_Nacimiento )
VALUES('Lisandro', 'Martínez', 'Argentino', 'Defensor', '6', '1.75', 50000000, '1', '14', '14', '1998-01-18'
)
;

-- 15 --
INSERT INTO Jugador (Nombre_Jugador, Apellido_Jugador, Nacionalidad_Jugador, Posición_Jugador, Dorsal_Jugador, Altura_Jugador, Valor_Pase, id_Seleccion, id_Club, id_Entrenador, Fecha_Nacimiento )
VALUES('Paulo', 'Dybala', 'Argentino', 'Delantero', '21', '1.77', 30000000, '1', '15', '15', '1993-11-15'
)
;

-- 16 --
INSERT INTO Jugador (Nombre_Jugador, Apellido_Jugador, Nacionalidad_Jugador, Posición_Jugador, Dorsal_Jugador, Altura_Jugador, Valor_Pase, id_Seleccion, id_Club, id_Entrenador, Fecha_Nacimiento )
VALUES('Victor', 'Osimhen', 'Nigeriano', 'Delantero', '9 ','1.86', 100000000, '24', '16', '16', '1998-12-29'
)
;
-- 17 --
INSERT INTO Jugador (Nombre_Jugador, Apellido_Jugador, Nacionalidad_Jugador, Posición_Jugador, Dorsal_Jugador, Altura_Jugador, Valor_Pase, id_Seleccion, id_Club, id_Entrenador, Fecha_Nacimiento )
VALUES('Nicolás', 'Otamendi', 'Argentino', 'Defensor', '30', '1.83', 3000000, '1', '17', '17', '1988-02-12'
)
;

-- 18 --
INSERT INTO Jugador (Nombre_Jugador, Apellido_Jugador, Nacionalidad_Jugador, Posición_Jugador, Dorsal_Jugador, Altura_Jugador, Valor_Pase, id_Seleccion, id_Club, id_Entrenador, Fecha_Nacimiento )
VALUES('Heung-min', 'Son', 'Surcoreano', 'Delantero', '7', '1.84', 60000000, '22', '18', '18', '1992-07-08'
)
;

-- 19 --
INSERT INTO Jugador (Nombre_Jugador, Apellido_Jugador, Nacionalidad_Jugador, Posición_Jugador, Dorsal_Jugador, Altura_Jugador, Valor_Pase, id_Seleccion, id_Club, id_Entrenador, Fecha_Nacimiento )
VALUES('Martin', 'Ødegaard', 'Noruego', 'Mediocampista', '8', '1.78', 80000000, '25', '19', '19', '1998-12-17'
)
;

-- 20 --
INSERT INTO Jugador (Nombre_Jugador, Apellido_Jugador, Nacionalidad_Jugador, Posición_Jugador, Dorsal_Jugador, Altura_Jugador, Valor_Pase, id_Seleccion, id_Club, id_Entrenador, Fecha_Nacimiento )
VALUES('Virgil', 'Van Dijk', 'Holandés', 'Defensor', '4', '1.93', 45000000, '6', '20', '20', '1991-07-08'
)
;

-- TABLA COPAS DEL MUNDO --
-- 1 -- 
INSERT INTO Copas_del_Mundo (id_Seleccion, Titulos, Ultimo_Titulo, Subcampeonatos)
VALUES('1', '3', '2022', '3'
)
;

-- 2 -- 
INSERT INTO Copas_del_Mundo (id_Seleccion, Titulos, Ultimo_Titulo, Subcampeonatos, Tercer_Puesto, Cuarto_Puesto)
VALUES('2', '2', '2018', '2', '2', '1'
)
;

-- 3 -- 
INSERT INTO Copas_del_Mundo (id_Seleccion, Titulos, Ultimo_Titulo, Subcampeonatos, Tercer_Puesto, Cuarto_Puesto)
VALUES('3', '5', '2002', '2', '2', '2'
)
;

-- 4 -- 
INSERT INTO Copas_del_Mundo (id_Seleccion, Tercer_Puesto)
VALUES('4', '1'
)
;

-- 5 -- 
INSERT INTO Copas_del_Mundo (id_Seleccion, Titulos, Ultimo_Titulo, Cuarto_Puesto)
VALUES('5', '1', '1966', '2'
)
;

-- 6 -- 
INSERT INTO Copas_del_Mundo (id_Seleccion, Subcampeonatos, Tercer_Puesto, Cuarto_Puesto)
VALUES('6', '3', '1', '1'
)
;

-- 7 -- 
INSERT INTO Copas_del_Mundo (id_Seleccion, Subcampeonatos, Tercer_Puesto)
VALUES('7', '1', '2'
)
;

-- 8 -- 
INSERT INTO Copas_del_Mundo (id_Seleccion, Titulos, Ultimo_Titulo, Subcampeonatos, Tercer_Puesto, Cuarto_Puesto)
VALUES('8', '4', '2006', '2', '1', '1'
)
;

-- 9 -- 
INSERT INTO Copas_del_Mundo (id_Seleccion, Tercer_Puesto, Cuarto_Puesto)
VALUES('9', '1', '1'
)
;

-- 10 -- 
INSERT INTO Copas_del_Mundo (id_Seleccion, Titulos, Ultimo_Titulo, Cuarto_Puesto)
VALUES('10', '1', '2010', '1'
)
;

-- 11 -- 
INSERT INTO Copas_del_Mundo (id_Seleccion, Cuarto_Puesto)
VALUES('11', '1'
)
;

-- 12 -- 
INSERT INTO Copas_del_Mundo (id_Seleccion)
VALUES('12'
)
;

-- 13 -- 
INSERT INTO Copas_del_Mundo (id_Seleccion, Tercer_Puesto)
VALUES('13', '1'
)
;

-- 14 -- 
INSERT INTO Copas_del_Mundo (id_Seleccion, Titulos, Ultimo_Titulo, Subcampeonatos, Tercer_Puesto, Cuarto_Puesto)
VALUES('14', '4', '2014', '4', '4', '1'
)
;

-- 15 -- 
INSERT INTO Copas_del_Mundo (id_Seleccion)
VALUES('15'
)
;

-- 16 -- 
INSERT INTO Copas_del_Mundo (id_Seleccion, Titulos, Ultimo_Titulo, Cuarto_Puesto)
VALUES('16', '2', '1950', '3'
)
;

-- 17 -- 
INSERT INTO Copas_del_Mundo (id_Seleccion)
VALUES('17'
)
;

-- 18 -- 
INSERT INTO Copas_del_Mundo (id_Seleccion)
VALUES('18'
)
;

-- 19 -- 
INSERT INTO Copas_del_Mundo (id_Seleccion)
VALUES('19'
)
;

-- 20 -- 
INSERT INTO Copas_del_Mundo (id_Seleccion)
VALUES('20'
)
;

-- 21 -- 
INSERT INTO Copas_del_Mundo (id_Seleccion, Tercer_Puesto)
VALUES('21', '2'
)
;

-- 22 -- 
INSERT INTO Copas_del_Mundo (id_Seleccion, Cuarto_Puesto)
VALUES('22', '1'
)
;

-- 23 -- 
INSERT INTO Copas_del_Mundo (id_Seleccion, Tercer_Puesto)
VALUES('23', '1'
)
;

-- 24 -- 
INSERT INTO Copas_del_Mundo (id_Seleccion)
VALUES('24'
)
;

-- 25 -- 
INSERT INTO Copas_del_Mundo (id_Seleccion)
VALUES('25'
)
;
